City_ID,City,Lat,Lng,Date,Max Temp,Current Description,Humidity,Cloudiness,Wind Speed,Country
0,Thompson,55.7435,-97.8558,2021-11-26 22:38:02,14.16,light snow,92,90,3.44,CA
1,Pevek,69.7008,170.3133,2021-11-26 22:38:02,-26.99,scattered clouds,99,34,5.77,RU
2,Hermanus,-34.4187,19.2345,2021-11-26 22:38:02,64.15,light rain,92,100,7.02,ZA
3,Bluff,-46.6,168.3333,2021-11-26 22:38:03,50.31,overcast clouds,59,100,5.5,NZ
4,Ushuaia,-54.8,-68.3,2021-11-26 22:35:37,49.66,broken clouds,46,75,21.85,AR
5,Husavik,66.0449,-17.3389,2021-11-26 22:38:03,22.91,scattered clouds,78,39,13.85,IS
6,Iqaluit,63.7506,-68.5145,2021-11-26 22:29:47,17.33,broken clouds,62,75,11.5,CA
7,Qaanaaq,77.484,-69.3632,2021-11-26 22:38:03,10.49,light snow,97,100,3.04,GL
8,Hilo,19.7297,-155.09,2021-11-26 22:37:08,80.33,scattered clouds,54,40,5.75,US
9,Hamilton,39.1834,-84.5333,2021-11-26 22:38:03,34.65,overcast clouds,53,90,6.91,US
10,Bal-Os,9.4416,122.6257,2021-11-26 22:38:04,79.5,overcast clouds,83,96,6.44,PH
11,Sayyan,15.1718,44.3244,2021-11-26 22:38:04,51.94,clear sky,59,1,3.65,YE
12,Mataura,-46.1927,168.8643,2021-11-26 22:38:04,51.67,overcast clouds,61,100,3.09,NZ
13,Norsup,-16.0667,167.3833,2021-11-26 22:38:05,83.21,few clouds,71,18,12.64,VU
14,Manchester,53.4809,-2.2374,2021-11-26 22:38:05,44.24,moderate rain,81,90,27.63,GB
15,Butaritari,3.0707,172.7902,2021-11-26 22:38:05,82.38,overcast clouds,73,98,18.88,KI
16,Yanam,16.7333,82.2167,2021-11-26 22:38:05,75.72,overcast clouds,84,99,6.71,IN
17,Puerto Ayora,-0.7393,-90.3518,2021-11-26 22:38:06,75.16,broken clouds,80,69,11.9,EC
18,Rikitea,-23.1203,-134.9692,2021-11-26 22:38:06,76.32,overcast clouds,71,99,14.99,PF
19,Mount Gambier,-37.8333,140.7667,2021-11-26 22:32:53,60.71,overcast clouds,67,93,16.11,AU
20,Orsha,54.5153,30.4053,2021-11-26 22:38:06,34.07,overcast clouds,94,100,9.48,BY
21,Cape Town,-33.9258,18.4232,2021-11-26 22:33:59,63.01,broken clouds,94,75,11.5,ZA
22,Fortuna,40.5982,-124.1573,2021-11-26 22:38:07,59.92,few clouds,44,20,0.0,US
23,Punta Arenas,-53.15,-70.9167,2021-11-26 22:36:47,51.91,broken clouds,46,75,28.77,CL
24,New Ulm,44.3125,-94.4605,2021-11-26 22:38:07,36.0,clear sky,48,1,9.22,US
25,Halifax,44.6453,-63.5724,2021-11-26 22:36:00,48.25,overcast clouds,100,100,5.75,CA
26,Aktash,50.3,87.7333,2021-11-26 22:38:07,-11.78,overcast clouds,97,97,2.01,RU
27,Yellowknife,62.456,-114.3525,2021-11-26 22:34:19,16.32,light snow,92,90,8.05,CA
28,Saint-Michel-Des-Saints,46.6834,-73.9159,2021-11-26 22:38:08,28.33,overcast clouds,87,99,12.17,CA
29,Sur,22.5667,59.5289,2021-11-26 22:38:08,75.67,clear sky,63,6,7.61,OM
30,Lagoa,39.05,-27.9833,2021-11-26 22:38:08,62.33,overcast clouds,66,100,17.63,PT
31,Dikson,73.5069,80.5464,2021-11-26 22:38:09,-8.21,overcast clouds,99,100,8.34,RU
32,New Norfolk,-42.7826,147.0587,2021-11-26 22:38:09,53.1,broken clouds,49,72,2.42,AU
33,Airai,-8.9266,125.4092,2021-11-26 22:38:09,66.81,overcast clouds,81,90,0.76,TL
34,Geraldton,-28.7667,114.6,2021-11-26 22:37:00,70.21,clear sky,40,0,6.91,AU
35,Longyearbyen,78.2186,15.6401,2021-11-26 22:33:40,-0.56,few clouds,65,20,13.8,SJ
36,Guanica,17.9716,-66.908,2021-11-26 22:38:09,77.68,scattered clouds,68,47,8.1,PR
37,Darhan,49.4867,105.9228,2021-11-26 22:38:10,17.53,overcast clouds,89,98,8.12,MN
38,Ilulissat,69.2167,-51.1,2021-11-26 22:38:10,24.82,scattered clouds,80,40,0.0,GL
39,Ponta Do Sol,32.6667,-17.1,2021-11-26 22:38:10,61.43,broken clouds,74,70,8.5,PT
40,Mehnagar,25.8833,83.1167,2021-11-26 22:38:10,61.29,clear sky,45,0,1.34,IN
41,Clyde River,70.4692,-68.5914,2021-11-26 22:38:11,-1.97,few clouds,92,20,9.22,CA
42,Sterling,39.0062,-77.4286,2021-11-26 22:33:59,40.06,broken clouds,52,75,27.63,US
43,Gornopravdinsk,60.05,69.9,2021-11-26 22:31:37,16.97,light snow,94,100,9.86,RU
44,Kodiak,57.79,-152.4072,2021-11-26 22:38:11,18.91,overcast clouds,49,90,6.91,US
45,Aykhal,66.0,111.5,2021-11-26 22:33:15,-1.73,overcast clouds,99,100,4.72,RU
46,Kirakira,-10.4544,161.9205,2021-11-26 22:38:12,85.05,broken clouds,68,65,5.53,SB
47,Hobart,-42.8794,147.3294,2021-11-26 22:34:20,53.46,few clouds,71,20,9.22,AU
48,Vaini,-21.2,-175.2,2021-11-26 22:39:12,87.96,light rain,79,75,6.91,TO
49,Cherskiy,68.75,161.3,2021-11-26 22:39:12,-35.57,few clouds,98,12,4.27,RU
50,Codrington,-38.2667,141.9667,2021-11-26 22:39:13,60.03,broken clouds,55,63,15.86,AU
51,Tuktoyaktuk,69.4541,-133.0374,2021-11-26 22:39:13,-2.2,light snow,84,90,21.85,CA
52,Statesboro,32.4488,-81.7832,2021-11-26 22:36:54,60.12,clear sky,37,1,5.75,US
53,Cockburn Town,21.4612,-71.1419,2021-11-26 22:39:13,78.76,broken clouds,65,75,5.75,TC
54,Kruisfontein,-34.0033,24.7314,2021-11-26 22:39:14,62.06,overcast clouds,77,100,19.69,ZA
55,Norman Wells,65.282,-126.8329,2021-11-26 22:39:14,-3.96,broken clouds,71,75,12.66,CA
56,Vanavara,60.34,102.2797,2021-11-26 22:39:14,-0.4,overcast clouds,93,100,9.62,RU
57,Sao Joao Da Barra,-21.6403,-41.0511,2021-11-26 22:28:33,74.19,light rain,85,100,18.77,BR
58,Barrow,71.2906,-156.7887,2021-11-26 22:39:14,-11.18,scattered clouds,70,40,12.66,US
59,Port Elizabeth,-33.918,25.5701,2021-11-26 22:35:48,64.69,broken clouds,77,75,20.71,ZA
60,San Patricio,28.017,-97.5169,2021-11-26 22:31:41,64.81,overcast clouds,43,98,7.47,US
61,Aswan,24.0934,32.907,2021-11-26 22:39:15,70.9,clear sky,35,0,8.05,EG
62,Bubaque,11.2833,-15.8333,2021-11-26 22:39:15,83.19,overcast clouds,72,98,13.58,GW
63,Tiksi,71.6872,128.8694,2021-11-26 22:39:15,0.46,overcast clouds,94,100,5.08,RU
64,Atambua,-9.1061,124.8925,2021-11-26 22:39:16,79.03,overcast clouds,78,96,0.98,ID
65,Chibombo,-14.6569,28.0706,2021-11-26 22:39:16,62.28,broken clouds,92,75,7.4,ZM
66,Castro,-24.7911,-50.0119,2021-11-26 22:39:16,69.3,scattered clouds,64,29,6.67,BR
67,Georgetown,5.4112,100.3354,2021-11-26 22:35:51,78.75,few clouds,83,20,2.3,MY
68,Nikolskoye,59.7035,30.7861,2021-11-26 22:39:17,28.29,overcast clouds,89,100,3.29,RU
69,Atuona,-9.8,-139.0333,2021-11-26 22:39:17,79.02,clear sky,75,8,17.54,PF
70,Narsaq,60.9167,-46.05,2021-11-26 22:39:17,35.82,moderate rain,100,100,5.37,GL
71,Bengkulu,-3.8004,102.2655,2021-11-26 22:39:18,75.88,overcast clouds,83,100,6.15,ID
72,Tiznit,29.5833,-9.5,2021-11-26 22:39:18,52.16,broken clouds,86,65,1.63,MA
73,Rajaldesar,28.0333,74.4667,2021-11-26 22:39:18,64.63,clear sky,38,0,7.29,IN
74,Waingapu,-9.6567,120.2641,2021-11-26 22:39:18,82.63,broken clouds,72,75,0.72,ID
75,Axim,4.8699,-2.2405,2021-11-26 22:39:19,79.03,scattered clouds,86,36,7.54,GH
76,Takaka,-40.85,172.8,2021-11-26 22:39:19,69.75,overcast clouds,57,99,8.57,NZ
77,Hoquiam,46.9809,-123.8893,2021-11-26 22:37:34,54.46,clear sky,76,1,8.05,US
78,Luderitz,-26.6481,15.1594,2021-11-26 22:39:20,59.07,clear sky,91,1,8.03,NA
79,Leningradskiy,69.3833,178.4167,2021-11-26 22:39:20,-26.07,few clouds,97,11,4.32,RU
80,Hofn,64.2539,-15.2082,2021-11-26 22:31:42,27.36,scattered clouds,43,26,7.0,IS
81,Sakakah,29.9697,40.2064,2021-11-26 22:31:36,56.77,clear sky,46,0,5.86,SA
82,Yerbogachen,61.2767,108.0108,2021-11-26 22:39:20,3.79,overcast clouds,90,100,13.13,RU
83,Fort Nelson,58.8053,-122.7002,2021-11-26 22:39:21,9.99,few clouds,79,20,5.75,CA
84,Dingle,10.9995,122.6711,2021-11-26 22:39:21,77.41,overcast clouds,91,100,6.82,PH
85,Albany,42.6001,-73.9662,2021-11-26 22:38:26,32.58,snow,78,99,15.39,US
86,Jamestown,42.097,-79.2353,2021-11-26 22:36:51,31.59,light snow,86,90,14.97,US
87,Machali,-34.1833,-70.6667,2021-11-26 22:39:21,70.88,clear sky,53,0,11.5,CL
88,Okhotsk,59.3833,143.3,2021-11-26 22:32:10,-6.99,few clouds,83,20,11.18,RU
89,Saint-Pierre,-21.3393,55.4781,2021-11-26 22:37:25,74.88,light rain,78,90,3.44,RE
90,Ribeira Grande,38.5167,-28.7,2021-11-26 22:39:22,63.79,broken clouds,61,75,17.38,PT
91,Wake Forest,35.9799,-78.5097,2021-11-26 22:37:42,49.3,clear sky,39,1,8.05,US
92,San Diego De Los Banos,22.6467,-83.3697,2021-11-26 22:39:22,70.09,scattered clouds,75,27,7.72,CU
93,Warman,52.3168,-106.5679,2021-11-26 22:39:22,37.31,overcast clouds,70,90,10.36,CA
94,Oranjemund,-28.55,16.4333,2021-11-26 22:34:32,61.34,clear sky,86,6,18.3,NA
95,Road Town,18.4167,-64.6167,2021-11-26 22:37:50,80.64,scattered clouds,74,40,11.5,VG
96,Tasiilaq,65.6145,-37.6368,2021-11-26 22:40:23,26.76,overcast clouds,68,100,7.72,GL
97,Tazmalt,36.3868,4.3989,2021-11-26 22:40:23,51.04,overcast clouds,76,100,8.55,DZ
98,Ahipara,-35.1667,173.1667,2021-11-26 22:40:23,70.07,clear sky,55,3,4.94,NZ
99,Katobu,-4.9408,122.5276,2021-11-26 22:35:13,79.63,overcast clouds,87,97,3.22,ID
100,Hailar,49.2,119.7,2021-11-26 22:40:23,9.05,few clouds,83,21,6.85,CN
101,Nabire,-3.3667,135.4833,2021-11-26 22:40:24,78.28,overcast clouds,88,95,2.62,ID
102,Mocuba,-16.8392,36.9856,2021-11-26 22:40:24,69.21,light rain,91,52,4.52,MZ
103,Raudeberg,61.9875,5.1352,2021-11-26 22:40:24,27.27,broken clouds,59,69,15.01,NO
104,Tuatapere,-46.1333,167.6833,2021-11-26 22:40:25,52.43,overcast clouds,58,100,4.99,NZ
105,East London,-33.0153,27.9116,2021-11-26 22:38:56,66.07,light rain,80,99,24.2,ZA
106,Namibe,-15.1961,12.1522,2021-11-26 22:40:25,68.22,scattered clouds,66,40,10.18,AO
107,Hede,33.7681,120.2517,2021-11-26 22:40:25,46.49,clear sky,70,0,6.29,CN
108,Takoradi,4.8845,-1.7554,2021-11-26 22:40:26,79.65,few clouds,84,23,7.31,GH
109,Puerto Leguizamo,-0.1934,-74.7819,2021-11-26 22:40:26,79.3,overcast clouds,71,100,0.96,CO
110,Champerico,14.3,-91.9167,2021-11-26 22:40:26,88.34,broken clouds,73,70,4.63,GT
111,Pringsewu,-5.3582,104.9744,2021-11-26 22:40:27,73.29,light rain,93,100,2.33,ID
112,Saint-Philippe,-21.3585,55.7679,2021-11-26 22:40:27,74.79,light rain,88,94,8.03,RE
113,Carnarvon,-24.8667,113.6333,2021-11-26 22:40:27,75.27,clear sky,38,0,9.22,AU
114,Port Alfred,-33.5906,26.891,2021-11-26 22:40:27,66.11,overcast clouds,80,100,33.2,ZA
115,Avarua,-21.2078,-159.775,2021-11-26 22:40:28,84.25,light rain,84,40,4.61,CK
116,Upernavik,72.7868,-56.1549,2021-11-26 22:40:28,17.8,overcast clouds,83,97,10.78,GL
117,Thomaston,32.8882,-84.3266,2021-11-26 22:40:28,54.09,clear sky,32,1,6.91,US
118,Bredasdorp,-34.5322,20.0403,2021-11-26 22:40:29,63.93,light rain,90,100,4.12,ZA
119,Kapaa,22.0752,-159.319,2021-11-26 22:40:29,80.92,clear sky,54,1,12.66,US
120,Mar Del Plata,-38.0023,-57.5575,2021-11-26 22:40:27,60.82,scattered clouds,82,40,13.8,AR
121,Rio Claro,-22.4114,-47.5614,2021-11-26 22:40:29,69.62,broken clouds,95,67,4.92,BR
122,Easton,40.6884,-75.2207,2021-11-26 22:40:29,38.77,broken clouds,55,75,9.22,US
123,Omboue,-1.5746,9.2618,2021-11-26 22:40:30,77.27,light rain,89,99,5.26,GA
124,Klaksvik,62.2266,-6.589,2021-11-26 22:40:30,32.92,overcast clouds,74,100,36.24,FO
125,Vilhena,-12.7406,-60.1458,2021-11-26 22:40:30,75.42,few clouds,83,20,5.75,BR
126,Bellary,15.15,76.9333,2021-11-26 22:40:31,67.64,overcast clouds,82,100,4.16,IN
127,Chokurdakh,70.6333,147.9167,2021-11-26 22:40:31,-31.63,broken clouds,100,64,3.22,RU
128,Buraydah,26.326,43.975,2021-11-26 22:31:45,66.65,clear sky,41,0,9.35,SA
129,Arcachon,44.5875,-1.0519,2021-11-26 22:40:31,51.85,broken clouds,87,75,10.36,FR
130,Port Keats,-14.25,129.55,2021-11-26 22:40:32,85.32,overcast clouds,64,92,4.07,AU
131,Santa Rosa,14.3122,121.1114,2021-11-26 22:31:20,80.58,broken clouds,85,83,9.46,PH
132,College,64.8569,-147.8028,2021-11-26 22:40:32,-6.14,light snow,73,90,3.44,US
133,Amahai,-3.3333,128.9167,2021-11-26 22:40:32,81.61,overcast clouds,76,100,2.55,ID
134,Olafsvik,64.8945,-23.7142,2021-11-26 22:40:33,38.12,overcast clouds,68,99,13.65,IS
135,Ruidoso,33.3317,-105.673,2021-11-26 22:40:33,53.74,clear sky,35,1,4.61,US
136,Cidreira,-30.1811,-50.2056,2021-11-26 22:40:33,69.57,scattered clouds,87,43,13.27,BR
137,Oriximina,-1.7656,-55.8661,2021-11-26 22:40:34,82.65,overcast clouds,69,100,1.16,BR
138,San Carlos Del Zulia,9.0,-71.9135,2021-11-26 22:40:34,77.14,overcast clouds,92,100,3.0,VE
139,Port Lincoln,-34.7333,135.8667,2021-11-26 22:41:34,59.38,overcast clouds,74,100,18.59,AU
140,Umm Lajj,25.0213,37.2685,2021-11-26 22:41:35,77.32,clear sky,49,3,9.98,SA
141,Biak,-0.9131,122.8766,2021-11-26 22:41:35,79.75,overcast clouds,77,100,1.92,ID
142,Yaguajay,22.3272,-79.2378,2021-11-26 22:41:35,72.16,scattered clouds,76,48,8.25,CU
143,Isla Mujeres,21.2311,-86.731,2021-11-26 22:41:35,77.16,scattered clouds,69,47,12.12,MX
144,Anadyr,64.75,177.4833,2021-11-26 22:38:14,-16.1,clear sky,69,0,4.47,RU
145,Dina,52.9335,-110.0849,2021-11-26 22:41:36,41.41,overcast clouds,85,100,8.21,CA
146,Changli,39.7042,119.1506,2021-11-26 22:39:12,36.03,clear sky,82,0,2.55,CN
147,Gat,31.61,34.7642,2021-11-26 22:41:36,57.88,few clouds,75,20,3.71,IL
148,Severo-Kurilsk,50.6789,156.125,2021-11-26 22:38:58,34.95,light rain,93,100,12.84,RU
149,Kavaratti,10.5669,72.642,2021-11-26 22:34:01,81.95,overcast clouds,77,95,8.34,IN
150,Flinders,-34.5833,150.8552,2021-11-26 22:41:36,56.48,light rain,89,100,18.86,AU
151,Saskylakh,71.9167,114.0833,2021-11-26 22:41:37,-16.28,broken clouds,97,73,5.79,RU
152,Gushikawa,26.3544,127.8686,2021-11-26 22:41:37,65.43,light rain,82,1,12.66,JP
153,Karpathos,35.507,27.2132,2021-11-26 22:41:37,67.96,overcast clouds,88,89,14.97,GR
154,Saldanha,-33.0117,17.9442,2021-11-26 22:41:38,60.85,clear sky,91,4,15.21,ZA
155,Salalah,17.0151,54.0924,2021-11-26 22:41:38,73.49,clear sky,56,0,5.75,OM
156,Busselton,-33.65,115.3333,2021-11-26 22:41:38,68.49,broken clouds,58,55,11.18,AU
157,Talnakh,69.4865,88.3972,2021-11-26 22:41:39,1.65,light snow,95,100,11.03,RU
158,Rawson,-43.3002,-65.1023,2021-11-26 22:41:39,66.49,clear sky,59,0,11.5,AR
159,Dudinka,69.4058,86.1778,2021-11-26 22:41:39,3.49,overcast clouds,94,100,13.56,RU
160,Nosy Varika,-20.5833,48.5333,2021-11-26 22:41:40,70.11,overcast clouds,93,100,5.68,MG
161,Hobyo,5.3505,48.5268,2021-11-26 22:41:40,80.49,light rain,78,93,11.9,SO
162,Kulhudhuffushi,6.6221,73.07,2021-11-26 22:41:40,80.78,overcast clouds,78,100,6.55,MV
163,Provideniya,64.3833,-173.3,2021-11-26 22:41:40,-3.28,scattered clouds,80,25,8.14,RU
164,Lensk,60.7253,114.9278,2021-11-26 22:41:41,12.07,overcast clouds,84,100,16.46,RU
165,Eyl,7.9803,49.8164,2021-11-26 22:41:41,77.92,broken clouds,81,84,11.68,SO
166,Sao Filipe,14.8961,-24.4956,2021-11-26 22:41:41,77.65,clear sky,76,5,8.72,CV
167,Hackettstown,40.854,-74.8291,2021-11-26 22:41:42,41.45,scattered clouds,52,44,6.91,US
168,Moose Factory,51.2585,-80.6094,2021-11-26 22:41:42,6.8,scattered clouds,78,40,10.36,CA
169,Mahebourg,-20.4081,57.7,2021-11-26 22:41:42,73.69,scattered clouds,83,40,5.75,MU
170,Puerto Escondido,15.85,-97.0667,2021-11-26 22:41:43,82.22,clear sky,69,4,4.03,MX
171,Kidal,18.4411,1.4078,2021-11-26 22:41:43,79.05,broken clouds,23,75,8.55,ML
172,Beloomut,54.9448,39.3394,2021-11-26 22:41:43,34.54,overcast clouds,91,100,10.42,RU
173,Arroyo,41.6096,-4.7969,2021-11-26 22:36:58,39.24,clear sky,81,0,9.22,ES
174,Vao,-22.6667,167.4833,2021-11-26 22:41:44,76.32,clear sky,87,3,18.12,NC
175,Chapais,49.7834,-74.8492,2021-11-26 22:37:10,22.78,overcast clouds,92,100,12.1,CA
176,Maluso,6.543,121.8753,2021-11-26 22:41:44,77.09,overcast clouds,85,100,4.14,PH
177,Sangar,63.9242,127.4739,2021-11-26 22:41:44,2.55,overcast clouds,81,100,19.44,RU
178,Mao,39.8885,4.2658,2021-11-26 22:32:49,48.76,few clouds,93,20,9.22,ES
179,Dawei,14.0833,98.2,2021-11-26 22:41:45,72.0,clear sky,86,9,6.67,MM
180,Sitka,57.0531,-135.33,2021-11-26 22:36:58,35.49,light snow,87,75,8.05,US
181,Ugoofaaru,5.6667,73.0,2021-11-26 22:41:45,81.3,overcast clouds,77,100,11.39,MV
182,Hithadhoo,-0.6,73.0833,2021-11-26 22:41:45,80.51,broken clouds,72,76,14.67,MV
183,Arraial Do Cabo,-22.9661,-42.0278,2021-11-26 22:41:45,76.96,broken clouds,83,75,13.8,BR
184,Lebu,-37.6167,-73.65,2021-11-26 22:41:46,55.18,clear sky,79,2,14.03,CL
185,Hoima,1.4356,31.3436,2021-11-26 22:41:46,63.86,light rain,98,97,3.22,UG
186,Aleksandrovka,46.8383,32.7612,2021-11-26 22:41:46,43.09,overcast clouds,81,100,12.77,UA
187,Chicama,-7.8447,-79.1469,2021-11-26 22:42:47,63.14,broken clouds,75,72,8.61,PE
188,Kishi,9.0833,3.85,2021-11-26 22:42:47,77.59,scattered clouds,29,33,1.97,NG
189,Victoria,22.2855,114.1577,2021-11-26 22:40:11,67.98,overcast clouds,48,100,8.48,HK
190,Lavrentiya,65.5833,-171.0,2021-11-26 22:42:47,-9.71,broken clouds,95,56,7.61,RU
191,Kandrian,-6.2167,149.55,2021-11-26 22:42:48,84.16,overcast clouds,70,99,1.07,PG
192,Elektrenai,54.7667,24.6333,2021-11-26 22:42:48,33.64,light snow,99,100,6.4,LT
193,Thohoyandou,-22.9456,30.485,2021-11-26 22:42:48,60.08,overcast clouds,89,100,4.34,ZA
194,Areosa,41.7178,-8.8571,2021-11-26 22:42:49,51.06,overcast clouds,85,89,14.38,PT
195,Serdobsk,52.4586,44.2169,2021-11-26 22:42:49,29.34,scattered clouds,95,36,15.05,RU
196,Torbay,47.6666,-52.7314,2021-11-26 22:38:12,47.17,shower rain,100,90,5.75,CA
197,Hambantota,6.1241,81.1185,2021-11-26 22:42:49,78.04,overcast clouds,87,99,3.24,LK
198,Heihe,50.2441,127.4902,2021-11-26 22:42:49,3.78,clear sky,92,8,5.32,CN
199,Abbeville,50.1,1.8333,2021-11-26 22:42:50,42.76,overcast clouds,67,98,12.86,FR
200,Ushtobe,45.2514,77.9838,2021-11-26 22:42:50,25.95,broken clouds,65,57,3.2,KZ
201,Hare Bay,48.8499,-54.0148,2021-11-26 22:42:50,47.55,overcast clouds,93,100,8.84,CA
202,Birao,10.2849,22.7882,2021-11-26 22:42:50,68.45,scattered clouds,20,43,6.26,CF
203,Port Macquarie,-31.4333,152.9167,2021-11-26 22:42:51,66.16,overcast clouds,85,100,13.38,AU
204,Dinard,48.6314,-2.0614,2021-11-26 22:42:51,44.98,light rain,57,75,21.85,FR
205,Viedma,-40.8135,-62.9967,2021-11-26 22:30:24,62.85,clear sky,54,2,21.16,AR
206,Cabo San Lucas,22.8909,-109.9124,2021-11-26 22:42:51,75.42,overcast clouds,67,97,3.74,MX
207,Berdigestyakh,62.0989,126.6992,2021-11-26 22:42:52,7.2,light snow,96,100,6.69,RU
208,Te Anau,-45.4167,167.7167,2021-11-26 22:42:52,47.16,overcast clouds,81,100,3.11,NZ
209,Carahue,-38.7,-73.1667,2021-11-26 22:42:52,61.0,scattered clouds,71,35,8.23,CL
210,Marawi,7.9986,124.2928,2021-11-26 22:42:52,71.11,overcast clouds,91,100,1.74,PH
211,Faanui,-16.4833,-151.75,2021-11-26 22:42:53,81.64,clear sky,73,5,16.64,PF
212,Ubinskoye,55.3068,79.6802,2021-11-26 22:42:53,6.89,overcast clouds,95,100,12.88,RU
213,Bethel,41.3712,-73.414,2021-11-26 22:42:53,39.78,overcast clouds,52,90,18.41,US
214,Fairbanks,64.8378,-147.7164,2021-11-26 22:42:54,-9.44,haze,74,90,4.61,US
215,Yuzhou,34.1628,113.4639,2021-11-26 22:42:54,35.87,overcast clouds,57,95,3.09,CN
216,North Bend,43.4065,-124.2243,2021-11-26 22:42:54,55.31,mist,100,90,3.44,US
217,Belmonte,-15.8631,-38.8828,2021-11-26 22:42:54,77.5,scattered clouds,78,45,8.5,BR
218,Lieksa,63.3167,30.0167,2021-11-26 22:42:55,18.45,overcast clouds,92,97,5.14,FI
219,Nishihara,26.1842,127.7558,2021-11-26 22:42:55,65.48,light rain,77,75,13.8,JP
220,Kyren,51.6828,102.1408,2021-11-26 22:42:55,15.82,light snow,95,100,5.59,RU
221,Chuy,-33.6971,-53.4616,2021-11-26 22:42:55,66.34,clear sky,91,9,12.73,UY
222,Bodden Town,19.2833,-81.25,2021-11-26 22:42:56,80.6,few clouds,69,20,9.22,KY
223,Faya,18.3851,42.4509,2021-11-26 22:42:56,57.72,clear sky,78,0,0.69,SA
224,Sovetskiy,61.3614,63.5842,2021-11-26 22:42:56,24.15,snow,96,100,9.66,RU
225,Goderich,43.7501,-81.7165,2021-11-26 22:42:56,30.52,overcast clouds,69,100,19.57,CA
226,Sheksna,59.21,38.5107,2021-11-26 22:42:57,33.26,overcast clouds,97,100,10.56,RU
227,Nago,26.5881,127.9761,2021-11-26 22:35:12,68.16,overcast clouds,58,100,17.98,JP
228,Mecca,21.4267,39.8261,2021-11-26 22:42:57,76.12,clear sky,67,0,4.05,SA
229,Souillac,-20.5167,57.5167,2021-11-26 22:42:57,73.78,scattered clouds,83,40,5.75,MU
230,Pendleton,45.6721,-118.7886,2021-11-26 22:42:58,60.4,clear sky,51,1,6.91,US
231,Balkanabat,39.5108,54.3671,2021-11-26 22:42:58,48.51,overcast clouds,43,96,4.32,TM
232,Lata,40.1629,-8.3327,2021-11-26 22:42:58,50.41,few clouds,84,24,0.54,PT
233,Tateyama,34.9833,139.8667,2021-11-26 22:42:59,50.02,broken clouds,54,76,15.48,JP
234,Ingham,42.6,-84.3833,2021-11-26 22:43:59,29.97,overcast clouds,64,90,6.91,US
235,Vila,42.0304,-8.1588,2021-11-26 22:43:59,40.08,overcast clouds,92,97,4.97,PT
236,Pran Buri,12.3847,99.9098,2021-11-26 22:44:00,73.27,light rain,84,87,9.1,TH
237,Anyang,36.0994,114.3289,2021-11-26 22:44:00,41.18,scattered clouds,63,34,2.17,CN
238,Broome,42.2506,-75.833,2021-11-26 22:44:00,29.17,overcast clouds,80,90,13.8,US
239,Bambous Virieux,-20.3428,57.7575,2021-11-26 22:44:00,73.65,scattered clouds,83,40,5.75,MU
240,Vila Franca Do Campo,37.7167,-25.4333,2021-11-26 22:44:01,61.21,broken clouds,69,70,11.41,PT
241,Mrakovo,52.7161,56.6244,2021-11-26 22:44:01,23.38,overcast clouds,95,100,8.75,RU
242,Orebro,59.2741,15.2066,2021-11-26 22:43:41,19.58,scattered clouds,93,33,6.91,SE
243,Roanoke Rapids,36.4615,-77.6542,2021-11-26 22:44:01,46.09,clear sky,56,1,5.75,US
244,Daru,-9.0763,143.2092,2021-11-26 22:44:02,83.08,broken clouds,76,65,3.31,PG
245,Kieta,-6.2167,155.6333,2021-11-26 22:34:05,85.1,broken clouds,67,72,4.38,PG
246,San Mateo Ixtatan,15.8319,-91.4781,2021-11-26 22:44:02,58.55,broken clouds,91,83,4.94,GT
247,Lazaro Cardenas,17.9583,-102.2,2021-11-26 22:44:02,81.77,broken clouds,73,61,5.1,MX
248,San Quintin,30.4833,-115.95,2021-11-26 22:44:03,71.85,clear sky,30,0,3.98,MX
249,Pisco,-13.7,-76.2167,2021-11-26 22:44:03,68.05,clear sky,77,0,10.36,PE
250,Dawson Creek,55.7666,-120.2362,2021-11-26 22:44:03,33.44,clear sky,37,1,32.21,CA
251,Korla,41.7597,86.1469,2021-11-26 22:44:04,30.79,overcast clouds,54,100,4.25,CN
252,Sambava,-14.2667,50.1667,2021-11-26 22:44:04,74.88,light rain,88,71,4.99,MG
253,Tsumeb,-19.2333,17.7167,2021-11-26 22:44:04,78.35,clear sky,46,1,4.72,NA
254,Cayenne,4.9333,-52.3333,2021-11-26 22:44:04,80.64,scattered clouds,83,40,5.75,GF
255,Maragogi,-9.0122,-35.2225,2021-11-26 22:40:43,79.39,broken clouds,81,52,11.16,BR
256,Okha,53.5739,142.9478,2021-11-26 22:44:05,25.74,overcast clouds,80,92,9.89,RU
257,Ancud,-41.8697,-73.8203,2021-11-26 22:31:31,54.93,overcast clouds,71,100,6.51,CL
258,Fukue,32.6881,128.8419,2021-11-26 22:44:05,55.94,clear sky,54,1,17.31,JP
259,Bahia Honda,22.9036,-83.1592,2021-11-26 22:44:06,72.14,scattered clouds,72,29,8.59,CU
260,Along,28.1667,94.7667,2021-11-26 22:44:06,51.35,scattered clouds,73,27,1.81,IN
261,Tecolutla,20.4833,-97.0167,2021-11-26 22:44:06,68.0,overcast clouds,86,99,14.81,MX
262,Dayong,25.0209,118.2898,2021-11-26 22:44:07,62.28,few clouds,75,17,5.28,CN
263,Huaicheng,23.9051,112.1931,2021-11-26 22:44:07,52.83,clear sky,73,6,2.53,CN
264,Mehamn,71.0357,27.8492,2021-11-26 22:44:07,13.91,overcast clouds,73,100,13.09,NO
265,Aras,42.5617,-2.356,2021-11-26 22:44:08,41.43,overcast clouds,76,90,13.8,ES
266,Kem,64.9555,34.5793,2021-11-26 22:44:08,20.89,overcast clouds,82,100,10.6,RU
267,Komagane,35.7296,137.9396,2021-11-26 22:44:08,37.24,scattered clouds,70,34,2.71,JP
268,Vila Velha,-20.3297,-40.2925,2021-11-26 22:44:08,76.95,clear sky,73,0,18.41,BR
269,Tilichiki,60.4667,166.1,2021-11-26 22:44:09,-12.82,few clouds,97,21,8.43,RU
270,Vostok,46.4856,135.8833,2021-11-26 22:44:09,7.84,overcast clouds,98,98,3.62,RU
271,Petropavlovka,50.6114,105.3196,2021-11-26 22:44:09,19.4,overcast clouds,78,100,5.19,RU
272,Lubao,14.9167,120.55,2021-11-26 22:44:10,80.62,broken clouds,83,61,7.29,PH
273,Aripuana,-9.1667,-60.6333,2021-11-26 22:41:53,75.27,moderate rain,94,83,1.25,BR
274,Sioux Lookout,50.1001,-91.917,2021-11-26 22:42:33,21.58,overcast clouds,63,90,8.05,CA
275,Srikakulam,18.3,83.9,2021-11-26 22:44:10,72.34,scattered clouds,84,45,7.47,IN
276,Vraca,43.8422,18.3955,2021-11-26 22:44:10,47.12,broken clouds,87,75,8.05,BA
277,Zheleznodorozhnyy,55.7503,38.0042,2021-11-26 22:44:10,37.62,overcast clouds,98,100,7.87,RU
278,Pangnirtung,66.1451,-65.7125,2021-11-26 22:44:11,21.2,scattered clouds,73,40,4.61,CA
279,Tsogni,-2.7942,10.0988,2021-11-26 22:44:11,76.35,moderate rain,89,100,4.94,GA
280,Sinazongwe,-17.2614,27.4618,2021-11-26 22:45:11,75.11,broken clouds,69,60,10.04,ZM
281,Lorengau,-2.0226,147.2712,2021-11-26 22:45:12,84.49,scattered clouds,68,34,1.83,PG
282,Senador Guiomard,-10.1522,-67.7392,2021-11-26 22:45:12,80.35,broken clouds,62,82,0.69,BR
283,Ardabil,38.2498,48.2933,2021-11-26 22:45:12,40.19,overcast clouds,75,91,1.43,IR
284,Esperance,-33.8667,121.9,2021-11-26 22:45:12,58.84,scattered clouds,72,39,14.07,AU
285,Santo Tomas,14.1079,121.1414,2021-11-26 22:45:13,79.05,overcast clouds,91,89,5.88,PH
286,Boyany,48.2708,26.1262,2021-11-26 22:45:13,47.53,overcast clouds,72,100,9.42,UA
287,Peleduy,59.6289,112.7406,2021-11-26 22:45:13,12.43,overcast clouds,85,100,13.09,RU
288,Tavira,37.1273,-7.6486,2021-11-26 22:43:37,49.87,clear sky,65,0,12.21,PT
289,Constitucion,-35.3333,-72.4167,2021-11-26 22:45:13,57.4,clear sky,73,3,11.48,CL
290,Saint-Francois,46.4154,3.9054,2021-11-26 22:45:14,40.44,overcast clouds,75,90,9.22,FR
291,Kabare,-2.4683,28.8242,2021-11-26 22:45:14,61.16,overcast clouds,98,100,2.42,CD
292,Nome,64.5011,-165.4064,2021-11-26 22:45:14,-2.13,haze,65,90,3.44,US
293,Buala,-8.145,159.5921,2021-11-26 22:45:15,84.94,light rain,65,77,3.53,SB
294,Port Augusta,-32.5,137.7667,2021-11-26 22:45:15,62.74,clear sky,57,0,12.21,AU
295,Solnechnyy,50.7214,136.6319,2021-11-26 22:45:15,11.23,broken clouds,91,64,3.85,RU
296,Paita,-5.0892,-81.1144,2021-11-26 22:45:15,72.16,broken clouds,85,71,17.22,PE
297,Nemuro,43.3236,145.575,2021-11-26 22:45:16,37.4,overcast clouds,83,95,26.08,JP
298,Nuuk,64.1835,-51.7216,2021-11-26 22:40:45,34.41,light rain,93,90,5.75,GL
299,Vestmannaeyjar,63.4427,-20.2734,2021-11-26 22:45:16,29.28,broken clouds,60,84,9.78,IS
300,Meulaboh,4.1363,96.1285,2021-11-26 22:45:17,75.58,overcast clouds,90,100,3.62,ID
301,Nikolsk,53.7189,46.0712,2021-11-26 22:45:17,24.04,overcast clouds,89,92,13.94,RU
302,Lamar,33.6668,-95.5836,2021-11-26 22:45:17,55.56,clear sky,28,1,6.91,US
303,Oktyabrskoye,43.0645,44.7417,2021-11-26 22:45:17,23.14,fog,100,1,4.47,RU
304,Harnosand,62.6323,17.9379,2021-11-26 22:45:18,12.2,overcast clouds,69,99,5.59,SE
305,Riverton,40.5219,-111.9391,2021-11-26 22:45:18,52.3,scattered clouds,53,40,8.05,US
306,Katsuura,35.1333,140.3,2021-11-26 22:45:18,51.91,overcast clouds,59,87,13.15,JP
307,Alofi,-19.0595,-169.9187,2021-11-26 22:45:19,85.89,overcast clouds,70,93,8.05,NU
308,Bandarbeyla,9.4942,50.8122,2021-11-26 22:45:19,78.17,overcast clouds,83,89,11.32,SO
309,Talcahuano,-36.7167,-73.1167,2021-11-26 22:45:19,60.48,clear sky,72,0,13.8,CL
310,Tigil,57.8,158.6667,2021-11-26 22:45:20,-6.2,clear sky,89,5,5.3,RU
311,San Ignacio,17.1561,-89.0714,2021-11-26 22:45:20,82.54,scattered clouds,65,40,0.0,BZ
312,Ajdabiya,30.7554,20.2263,2021-11-26 22:45:20,64.42,few clouds,77,15,6.6,LY
313,Taoudenni,22.6783,-3.9836,2021-11-26 22:45:20,80.76,overcast clouds,29,92,8.61,ML
314,Sabang,5.8933,95.3214,2021-11-26 22:40:45,76.73,overcast clouds,90,100,4.74,ID
315,Panama City,8.9936,-79.5197,2021-11-26 22:45:16,73.35,broken clouds,96,75,3.44,PA
316,Nata,8.3333,-80.5167,2021-11-26 22:45:21,75.07,overcast clouds,84,100,5.7,PA
317,Ngunguru,-35.6167,174.5,2021-11-26 22:45:21,66.72,clear sky,66,0,9.66,NZ
318,Kavieng,-2.5744,150.7967,2021-11-26 22:45:22,83.95,overcast clouds,70,97,5.48,PG
319,Steamboat Springs,40.485,-106.8317,2021-11-26 22:45:22,49.93,clear sky,28,1,4.61,US
320,Point Pedro,9.8167,80.2333,2021-11-26 22:45:22,78.82,overcast clouds,84,100,8.37,LK
321,Tazovskiy,67.4667,78.7,2021-11-26 22:45:22,-2.09,overcast clouds,97,100,7.18,RU
322,Mileanca,48.0833,26.7,2021-11-26 22:45:23,47.95,overcast clouds,81,100,12.97,RO
323,Kaitangata,-46.2817,169.8464,2021-11-26 22:45:23,50.29,overcast clouds,67,100,3.67,NZ
324,Pafos,34.7667,32.4167,2021-11-26 22:45:23,58.78,scattered clouds,72,40,9.22,CY
325,Raga,8.4596,25.678,2021-11-26 22:45:24,72.34,overcast clouds,23,92,3.78,SS
326,Tacuarembo,-31.7333,-55.9833,2021-11-26 22:45:24,69.42,clear sky,61,1,8.05,UY
327,Mumbwa,-14.9783,27.0619,2021-11-26 22:45:25,62.67,broken clouds,91,82,6.89,ZM
328,Minsk,53.9,27.5667,2021-11-26 22:41:30,33.55,overcast clouds,93,100,10.36,BY
329,Aklavik,68.2191,-135.0107,2021-11-26 22:46:25,-1.48,light snow,77,90,14.97,CA
330,Nyuksenitsa,60.4128,44.2397,2021-11-26 22:46:25,33.13,overcast clouds,95,100,11.77,RU
331,Bow Island,49.8668,-111.3684,2021-11-26 22:46:26,54.61,scattered clouds,37,35,0.0,CA
332,Prince Rupert,54.3161,-130.3201,2021-11-26 22:45:23,42.49,light rain,77,90,10.36,CA
333,Portland,45.5234,-122.6762,2021-11-26 22:42:58,54.18,overcast clouds,79,90,0.0,US
334,Whitianga,-36.8333,175.7,2021-11-26 22:46:26,72.19,clear sky,53,3,6.2,NZ
335,Farim,12.4839,-15.2217,2021-11-26 22:46:26,75.85,overcast clouds,72,100,4.99,GW
336,El Rosario,24.2556,-107.1828,2021-11-26 22:46:27,77.23,overcast clouds,41,100,10.67,MX
337,Platanos,37.6667,21.6167,2021-11-26 22:46:27,57.85,overcast clouds,86,100,5.17,GR
338,Gorodishche,48.8045,44.4744,2021-11-26 22:46:27,32.88,clear sky,93,0,11.18,RU
339,Atbasar,51.8,68.3333,2021-11-26 22:46:27,13.59,overcast clouds,95,86,15.5,KZ
340,Ranong,9.9658,98.6348,2021-11-26 22:45:16,76.26,overcast clouds,88,92,6.55,TH
341,Zeya,53.75,127.2667,2021-11-26 22:46:28,11.19,overcast clouds,73,88,3.04,RU
342,Wolsztyn,52.1155,16.1171,2021-11-26 22:46:28,34.11,overcast clouds,80,100,3.8,PL
343,Mae Chan,20.1467,99.8526,2021-11-26 22:46:28,69.46,scattered clouds,97,43,1.95,TH
344,Acari,-15.4311,-74.6158,2021-11-26 22:46:29,71.44,broken clouds,73,76,6.49,PE
345,Teknaf,20.8624,92.3058,2021-11-26 22:46:29,66.96,clear sky,69,1,5.19,BD
346,Yulara,-25.2406,130.9889,2021-11-26 22:46:29,67.84,clear sky,42,0,13.8,AU
347,Tessalit,20.1986,1.0114,2021-11-26 22:46:30,76.53,broken clouds,30,64,7.74,ML
348,Itarema,-2.9248,-39.9167,2021-11-26 22:46:30,80.74,few clouds,78,21,14.25,BR
349,Sapa,5.1544,120.3241,2021-11-26 22:46:30,81.0,overcast clouds,83,94,7.76,PH
350,Novyy Urengoy,66.0833,76.6333,2021-11-26 22:46:31,-9.44,scattered clouds,95,42,7.9,RU
351,Adrar,20.5022,-10.0711,2021-11-26 22:46:31,77.07,broken clouds,24,81,9.08,MR
352,Bathsheba,13.2167,-59.5167,2021-11-26 22:46:31,79.41,scattered clouds,89,40,4.61,BB
353,Kal,47.7333,20.2667,2021-11-26 22:46:31,40.62,overcast clouds,93,100,12.88,HU
354,Kismayo,-0.3582,42.5454,2021-11-26 22:46:32,77.81,light rain,83,94,2.77,SO
355,Lianzhou,24.7811,112.3825,2021-11-26 22:46:32,49.69,clear sky,84,0,3.09,CN
356,Tonshayevo,57.736,47.0127,2021-11-26 22:46:32,33.06,overcast clouds,94,100,11.97,RU
357,Tommot,58.9564,126.2925,2021-11-26 22:46:33,16.99,light snow,93,93,8.01,RU
358,Pemangkat,1.1667,108.9667,2021-11-26 22:46:33,78.67,overcast clouds,85,100,2.84,ID
359,Ixtapa,20.7,-105.2,2021-11-26 22:46:33,80.15,overcast clouds,58,94,5.44,MX
360,Sivaki,52.6333,126.75,2021-11-26 22:46:34,8.4,broken clouds,89,61,6.53,RU
361,Lashio,22.9333,97.75,2021-11-26 22:46:34,57.22,broken clouds,86,52,0.87,MM
362,Petropavlivka,48.4564,36.4367,2021-11-26 22:46:34,36.84,scattered clouds,90,43,13.47,UA
363,Evensk,61.95,159.2333,2021-11-26 22:46:35,-7.73,clear sky,82,10,9.64,RU
364,Emerald,-23.5333,148.1667,2021-11-26 22:46:35,78.94,overcast clouds,69,100,5.75,AU
365,Barcelos,41.5388,-8.6151,2021-11-26 22:46:35,48.34,broken clouds,90,76,4.29,PT
366,Bayonet Point,28.3267,-82.6834,2021-11-26 22:46:35,73.35,broken clouds,83,69,12.55,US
367,Hasaki,35.7333,140.8333,2021-11-26 22:46:36,45.0,broken clouds,48,73,20.07,JP
368,Ghatanji,20.1333,78.3167,2021-11-26 22:46:36,65.35,broken clouds,59,75,4.9,IN
369,Piracanjuba,-17.3028,-49.0167,2021-11-26 22:46:36,75.45,overcast clouds,63,92,6.93,BR
370,De Aar,-30.6497,24.0123,2021-11-26 22:46:37,62.98,light rain,69,41,29.84,ZA
371,Ostrovnoy,68.0531,39.5131,2021-11-26 22:46:37,25.0,snow,88,99,8.57,RU
372,Arlit,18.7369,7.3853,2021-11-26 22:46:37,76.21,clear sky,23,5,8.23,NE
373,Camana,-16.6228,-72.7111,2021-11-26 22:46:38,67.44,overcast clouds,81,99,8.77,PE
374,Daliang,22.8504,113.247,2021-11-26 22:46:38,64.31,broken clouds,36,83,9.26,CN
375,Inirida,3.8653,-67.9239,2021-11-26 22:47:38,75.29,overcast clouds,96,100,2.82,CO
376,Santa Fe,-31.6333,-60.7,2021-11-26 22:47:38,79.66,light rain,37,0,6.13,AR
377,Zurrieq,35.8311,14.4742,2021-11-26 22:47:39,60.31,clear sky,63,0,9.22,MT
378,Ho Chi Minh City,10.75,106.6667,2021-11-26 22:43:51,77.02,light rain,69,75,5.75,VN
379,Joshimath,30.5667,79.5667,2021-11-26 22:47:39,45.55,clear sky,21,0,6.8,IN
380,Dutse,11.7594,9.3392,2021-11-26 22:47:39,72.54,few clouds,15,16,7.78,NG
381,Kalmunai,7.4167,81.8167,2021-11-26 22:47:40,77.4,broken clouds,90,59,5.84,LK
382,Padang,-0.9492,100.3543,2021-11-26 22:47:40,77.02,overcast clouds,86,100,4.36,ID
383,Otane,-39.8833,176.6333,2021-11-26 22:47:40,76.1,overcast clouds,34,97,2.84,NZ
384,Amapa,1.0,-52.0,2021-11-26 22:47:41,78.69,overcast clouds,75,100,3.4,BR
385,Kawalu,-7.3817,108.2082,2021-11-26 22:47:41,72.61,overcast clouds,93,89,1.41,ID
386,Rock Sound,24.9,-76.2,2021-11-26 22:47:41,76.12,overcast clouds,59,98,6.04,BS
387,Tura,25.5198,90.2201,2021-11-26 22:47:42,57.58,clear sky,77,0,3.74,IN
388,Grindavik,63.8424,-22.4338,2021-11-26 22:47:42,30.67,broken clouds,80,75,11.5,IS
389,Noyabrsk,63.1994,75.4507,2021-11-26 22:47:42,-8.01,scattered clouds,99,48,9.44,RU
390,Migori,-1.0634,34.4731,2021-11-26 22:47:43,65.23,overcast clouds,76,99,2.77,KE
391,Thaba Nchu,-29.2093,26.839,2021-11-26 22:47:43,56.98,light rain,72,50,19.08,ZA
392,Karratha,-20.7377,116.8463,2021-11-26 22:47:43,85.12,clear sky,29,4,13.98,AU
393,Palmer,42.1584,-72.3287,2021-11-26 22:45:36,38.01,light rain,65,90,18.41,US
394,Valparaiso,-33.0393,-71.6273,2021-11-26 22:47:44,65.84,few clouds,70,20,3.44,CL
395,Soto La Marina,23.7667,-98.2167,2021-11-26 22:47:44,57.54,overcast clouds,81,100,6.08,MX
396,Torbat-E Jam,35.244,60.6225,2021-11-26 22:47:44,38.79,clear sky,75,1,3.71,IR
397,Kigali,-1.95,30.0588,2021-11-26 22:46:49,63.88,broken clouds,88,75,2.3,RW
398,Hualmay,-11.0964,-77.6139,2021-11-26 22:47:45,67.53,broken clouds,82,78,12.06,PE
399,Bay City,43.5945,-83.8889,2021-11-26 22:47:45,30.2,overcast clouds,62,90,9.22,US
400,Isabela,6.7085,121.9711,2021-11-26 22:47:45,77.05,light rain,88,100,6.15,PH
401,Antalaha,-14.9003,50.2788,2021-11-26 22:47:46,74.39,light rain,84,81,5.01,MG
402,Palauig,15.435,119.9045,2021-11-26 22:47:46,80.51,broken clouds,75,75,5.44,PH
403,Houston,29.7633,-95.3633,2021-11-26 22:46:19,57.22,clear sky,40,1,8.05,US
404,Almaznyy,48.0448,40.045,2021-11-26 22:47:46,30.34,few clouds,94,16,10.45,RU
405,Alice Springs,-23.7,133.8833,2021-11-26 22:47:47,69.35,clear sky,46,0,12.66,AU
406,La Ronge,55.1001,-105.2842,2021-11-26 22:45:14,39.45,broken clouds,65,75,5.75,CA
407,Villa Carlos Paz,-31.4241,-64.4978,2021-11-26 22:47:47,81.68,clear sky,39,0,5.48,AR
408,San Matias,-16.3667,-58.4,2021-11-26 22:47:47,76.39,overcast clouds,84,92,4.72,BO
409,Mago,53.2514,140.1822,2021-11-26 22:47:48,14.38,overcast clouds,99,98,1.68,RU
410,Kota Belud,6.351,116.4305,2021-11-26 22:47:48,75.06,overcast clouds,83,100,3.65,MY
411,Ponta Delgada,37.7333,-25.6667,2021-11-26 22:47:48,61.52,few clouds,67,20,9.22,PT
412,Plettenberg Bay,-34.0527,23.3716,2021-11-26 22:47:49,63.77,overcast clouds,87,100,12.3,ZA
413,Khatanga,71.9667,102.5,2021-11-26 22:47:49,1.51,overcast clouds,94,100,13.89,RU
414,Acapulco,16.8634,-99.8901,2021-11-26 22:43:30,81.77,few clouds,75,23,5.1,MX
415,Nanortalik,60.1432,-45.2371,2021-11-26 22:47:49,43.16,overcast clouds,96,100,13.0,GL
416,Yuci,37.6803,112.7319,2021-11-26 22:47:50,24.55,clear sky,74,0,2.24,CN
417,Guerrero Negro,27.9769,-114.0611,2021-11-26 22:46:13,74.75,clear sky,40,0,11.9,MX
418,Rocha,-34.4833,-54.3333,2021-11-26 22:47:50,63.19,clear sky,97,8,6.93,UY
419,Inhambane,-23.865,35.3833,2021-11-26 22:48:50,68.32,few clouds,67,23,9.95,MZ
420,Carauari,-4.8828,-66.8958,2021-11-26 22:48:51,80.17,broken clouds,79,78,2.19,BR
421,Olyka,50.7186,25.8125,2021-11-26 22:48:51,43.79,overcast clouds,83,100,14.47,UA
422,Narrabri,-30.3167,149.7833,2021-11-26 22:48:51,69.89,scattered clouds,64,40,17.27,AU
423,Maceio,-9.6658,-35.7353,2021-11-26 22:48:30,81.84,few clouds,78,20,9.22,BR
424,Urubicha,-15.3833,-62.95,2021-11-26 22:48:52,68.92,moderate rain,99,100,2.53,BO
425,Tocopilla,-22.092,-70.1979,2021-11-26 22:48:52,65.93,scattered clouds,65,33,5.44,CL
426,Koslan,63.4564,48.8989,2021-11-26 22:48:52,25.14,overcast clouds,98,99,3.6,RU
427,Avera,33.194,-82.5271,2021-11-26 22:48:53,57.07,few clouds,32,19,7.4,US
428,Calbuco,-41.768,-73.1273,2021-11-26 22:48:11,56.41,overcast clouds,72,100,13.47,CL
429,Puerto Madryn,-42.7692,-65.0385,2021-11-26 22:48:53,66.49,broken clouds,51,83,20.07,AR
430,Ulladulla,-35.35,150.4667,2021-11-26 22:48:53,56.3,light rain,89,100,15.66,AU
431,Utinga,-5.8172,-35.3954,2021-11-26 22:48:54,82.8,scattered clouds,83,40,12.66,BR
432,Golden,39.7555,-105.2211,2021-11-26 22:48:15,66.69,scattered clouds,16,40,23.02,US
433,Tual,-5.6667,132.75,2021-11-26 22:48:54,84.67,overcast clouds,72,98,10.36,ID
434,Marzuq,14.4,46.4667,2021-11-26 22:48:54,67.37,clear sky,46,5,2.21,YE
435,Sept-Iles,50.2001,-66.3821,2021-11-26 22:48:55,39.72,mist,100,90,3.44,CA
436,Lipari,38.4674,14.954,2021-11-26 22:48:55,55.96,overcast clouds,62,98,17.85,IT
437,Escanaba,45.7453,-87.0646,2021-11-26 22:45:08,25.23,clear sky,68,1,3.44,US
438,Los Chiles,11.0333,-84.7167,2021-11-26 22:48:55,75.49,broken clouds,91,82,5.57,CR
439,Saint-Louis,16.3333,-15.0,2021-11-26 22:48:55,87.06,overcast clouds,18,93,4.97,SN
440,Yarada,17.65,83.2667,2021-11-26 22:48:56,76.15,broken clouds,82,53,9.22,IN
441,Bollnas,61.3482,16.3946,2021-11-26 22:48:56,25.5,overcast clouds,75,98,2.64,SE
442,Margate,51.3813,1.3862,2021-11-26 22:48:56,37.26,broken clouds,73,56,21.7,GB
443,Hami,42.8,93.45,2021-11-26 22:48:57,27.19,broken clouds,63,68,5.59,CN
444,Matamoros,25.5333,-103.25,2021-11-26 22:48:57,60.62,overcast clouds,48,100,9.66,MX
445,Meget,52.415,104.0494,2021-11-26 22:48:57,18.36,overcast clouds,78,100,9.82,RU
446,Price,39.5994,-110.8107,2021-11-26 22:48:57,47.46,clear sky,19,1,0.0,US
447,Lewistown,40.5992,-77.5714,2021-11-26 22:48:58,35.46,overcast clouds,69,90,10.36,US
448,Kodinsk,58.6881,99.1844,2021-11-26 22:48:58,-0.51,overcast clouds,98,98,4.47,RU
449,Koscierzyna,54.1223,17.9812,2021-11-26 22:48:58,31.71,overcast clouds,87,100,4.0,PL
450,Saint George,37.1041,-113.5841,2021-11-26 22:47:14,70.27,clear sky,15,1,0.0,US
451,Finnsnes,69.2296,17.9811,2021-11-26 22:48:59,15.76,broken clouds,95,69,3.78,NO
452,Turukhansk,65.8167,87.9833,2021-11-26 22:48:59,0.57,light snow,96,100,12.15,RU
453,Xunchang,28.4543,104.715,2021-11-26 22:48:59,49.44,overcast clouds,92,100,0.63,CN
454,Kursumlija,43.1458,21.2686,2021-11-26 22:49:00,49.55,overcast clouds,91,99,7.4,RS
455,Gibara,21.1097,-76.1317,2021-11-26 22:49:00,79.92,scattered clouds,65,41,8.52,CU
456,Mitsamiouli,-11.3847,43.2844,2021-11-26 22:49:00,80.67,light rain,78,11,4.27,KM
457,Tonj,7.2737,28.6822,2021-11-26 22:49:00,80.89,overcast clouds,25,86,3.96,SS
458,Xai-Xai,-25.0519,33.6442,2021-11-26 22:49:01,67.71,few clouds,69,16,8.08,MZ
459,Culaba,11.6578,124.5425,2021-11-26 22:49:01,80.73,overcast clouds,86,91,9.19,PH
460,Sao Joao Da Boa Vista,-21.9692,-46.7981,2021-11-26 22:49:01,67.95,moderate rain,96,92,5.06,BR
461,Biloela,-24.4167,150.5,2021-11-26 22:49:02,79.16,light rain,70,100,6.35,AU
462,Yar-Sale,66.8333,70.8333,2021-11-26 22:49:02,-6.9,few clouds,95,17,7.56,RU
463,Praxedis Guerrero,31.3667,-106.0167,2021-11-26 22:49:02,54.99,overcast clouds,40,100,5.37,MX
464,Nelson Bay,-32.7167,152.15,2021-11-26 22:49:03,62.65,light rain,84,100,19.13,AU
465,Kichmengskiy Gorodok,59.9816,45.7854,2021-11-26 22:50:03,32.88,light snow,97,100,11.95,RU
466,Kahului,20.8947,-156.47,2021-11-26 22:50:04,82.42,few clouds,54,20,20.71,US
467,Chernyshevskiy,63.0128,112.4714,2021-11-26 22:50:04,4.68,overcast clouds,92,100,11.41,RU
468,Yermekeyevo,54.0761,53.6712,2021-11-26 22:50:04,24.8,broken clouds,90,71,16.33,RU
469,Riviere-Au-Renard,48.9957,-64.3971,2021-11-26 22:50:04,42.8,overcast clouds,97,100,9.66,CA
470,Makat,47.6469,53.3463,2021-11-26 22:50:05,27.95,overcast clouds,50,100,11.88,KZ
471,Santa Barbara,34.7333,-120.0343,2021-11-26 22:50:05,70.36,clear sky,15,1,10.36,US
472,Los Llanos De Aridane,28.6585,-17.9182,2021-11-26 22:50:05,58.75,scattered clouds,67,40,12.66,ES
473,Breytovo,58.2993,37.8617,2021-11-26 22:50:06,33.75,overcast clouds,91,100,12.39,RU
474,Sechura,-5.5569,-80.8222,2021-11-26 22:50:06,70.86,broken clouds,70,68,18.48,PE
475,Reconquista,-29.15,-59.65,2021-11-26 22:50:06,76.57,clear sky,41,0,7.27,AR
476,Boden,65.8252,21.6886,2021-11-26 22:50:07,6.8,scattered clouds,92,40,3.15,SE
477,Qixingtai,30.4135,111.8874,2021-11-26 22:50:07,48.11,clear sky,47,3,6.06,CN
478,Amnat Charoen,15.9167,104.75,2021-11-26 22:50:07,64.02,broken clouds,78,61,17.74,TH
479,Senneterre,48.3835,-77.2328,2021-11-26 22:50:07,16.02,overcast clouds,89,100,12.75,CA
480,Bonfim,3.0833,-59.95,2021-11-26 22:50:08,84.4,overcast clouds,63,100,4.5,BR
481,Fremont,37.5483,-121.9886,2021-11-26 22:46:29,66.99,clear sky,52,1,0.0,US
482,Yablonovo,50.8523,37.3574,2021-11-26 22:50:08,26.46,scattered clouds,94,26,9.17,RU
483,Nhulunbuy,-12.2333,136.7667,2021-11-26 22:50:08,83.01,overcast clouds,78,90,3.44,AU
484,Trat,12.5,102.5,2021-11-26 22:50:09,69.31,broken clouds,86,81,8.1,TH
485,Jaranwala,31.3333,73.4333,2021-11-26 22:50:09,59.52,clear sky,30,0,3.8,PK
486,Saint Anthony,45.0205,-93.218,2021-11-26 22:50:10,34.75,clear sky,38,1,12.66,US
487,Pryazha,61.6926,33.6216,2021-11-26 22:50:10,18.63,broken clouds,98,78,3.6,RU
488,Poum,-20.2333,164.0167,2021-11-26 22:50:10,80.6,clear sky,77,9,15.01,NC
489,Ust-Kuyga,70.0167,135.6,2021-11-26 22:50:11,-16.38,overcast clouds,90,100,5.26,RU
490,Mount Isa,-20.7333,139.5,2021-11-26 22:50:11,76.77,clear sky,44,0,14.97,AU
491,Beringovskiy,63.05,179.3167,2021-11-26 22:50:11,-2.22,broken clouds,98,77,12.08,RU
492,Arys,42.4252,68.795,2021-11-26 22:50:11,30.42,clear sky,68,1,7.4,KZ
493,Beyneu,45.3167,55.2,2021-11-26 22:50:12,28.08,overcast clouds,58,100,16.33,KZ
494,Naze,28.3667,129.4833,2021-11-26 22:50:12,63.52,light rain,57,97,21.14,JP
495,Sanford,28.8006,-81.2731,2021-11-26 22:50:12,73.69,overcast clouds,53,90,10.36,US
496,Lanxi,29.2195,119.477,2021-11-26 22:50:13,46.24,clear sky,86,0,4.03,CN
497,Gdynia,54.5189,18.5319,2021-11-26 22:50:13,33.46,clear sky,86,0,3.44,PL
498,Nalut,30.3333,10.85,2021-11-26 22:50:13,65.16,overcast clouds,36,100,17.13,LY
499,Santo Antonio Do Ica,-3.1022,-67.9397,2021-11-26 22:50:13,79.43,overcast clouds,84,98,3.09,BR
500,Coahuayana,18.7333,-103.6833,2021-11-26 22:50:14,83.16,broken clouds,67,72,5.17,MX
501,Nahrin,36.0649,69.1334,2021-11-26 22:50:14,42.21,overcast clouds,85,100,0.96,AF
502,Jambi,-1.6,103.6167,2021-11-26 22:50:14,72.57,overcast clouds,98,98,3.49,ID
503,Camocim,-2.9022,-40.8411,2021-11-26 22:50:15,81.34,broken clouds,76,78,15.88,BR
504,Teguise,29.0605,-13.564,2021-11-26 22:50:15,57.42,few clouds,77,20,9.22,ES
505,Winslow,35.0242,-110.6974,2021-11-26 22:50:15,51.98,clear sky,28,1,5.75,US
506,Noumea,-22.2763,166.4572,2021-11-26 22:50:16,85.98,clear sky,65,6,3.49,NC
507,Peace River,56.2501,-117.286,2021-11-26 22:47:43,35.91,few clouds,51,20,26.46,CA
508,Bitburg,49.9667,6.5333,2021-11-26 22:51:16,35.78,light snow,100,90,12.66,DE
509,Matagami,49.7502,-77.6328,2021-11-26 22:51:17,12.31,light snow,92,90,16.11,CA
510,Makakilo City,21.3469,-158.0858,2021-11-26 22:51:17,86.32,clear sky,40,1,4.61,US
511,Ankpa,7.3706,7.6253,2021-11-26 22:51:17,76.24,few clouds,51,18,4.25,NG
512,Fallon,39.4735,-118.7774,2021-11-26 22:51:17,53.47,few clouds,24,20,5.75,US
513,Iwaki,37.05,140.8833,2021-11-26 22:51:18,39.81,broken clouds,69,56,10.58,JP
514,Gizo,-8.103,156.8419,2021-11-26 22:51:18,83.66,light rain,68,92,3.78,SB
515,Talaya,61.3833,152.75,2021-11-26 22:51:18,-37.19,broken clouds,100,54,1.05,RU
516,Ambilobe,-13.2,49.05,2021-11-26 22:51:19,76.59,broken clouds,84,73,3.11,MG
517,Loukhi,66.0764,33.0381,2021-11-26 22:51:19,10.92,broken clouds,98,74,4.79,RU
518,Maumere,-8.6199,122.2111,2021-11-26 22:51:19,82.83,overcast clouds,75,97,1.43,ID
519,Hvide Sande,56.0045,8.1294,2021-11-26 22:51:20,39.78,overcast clouds,82,100,21.92,DK
520,Bintulu,3.1667,113.0333,2021-11-26 22:51:20,73.81,scattered clouds,100,40,2.3,MY
521,Santiago Del Estero,-27.7951,-64.2615,2021-11-26 22:51:20,83.44,clear sky,34,0,11.14,AR
522,Ivanteyevka,55.9711,37.9208,2021-11-26 22:51:21,37.74,overcast clouds,97,100,8.05,RU
523,Qinnan,33.2531,119.9133,2021-11-26 22:51:21,44.71,clear sky,79,0,6.13,CN
524,Saltillo,25.4167,-101.0,2021-11-26 22:50:57,55.4,overcast clouds,60,100,3.0,MX
525,Ponnani,10.767,75.9252,2021-11-26 22:51:21,78.12,overcast clouds,88,100,3.69,IN
526,Guiren,33.6697,118.1889,2021-11-26 22:51:22,43.41,clear sky,81,0,7.23,CN
527,Ongandjera,-17.8833,15.0667,2021-11-26 22:51:22,74.55,clear sky,20,4,14.09,NA
528,Moree,-29.4667,149.85,2021-11-26 22:51:22,78.82,few clouds,65,11,8.05,AU
529,San Pedro,14.35,121.0167,2021-11-26 22:49:56,79.83,few clouds,78,20,2.3,PH
530,Upata,8.0086,-62.3989,2021-11-26 22:51:22,74.41,overcast clouds,89,93,5.19,VE
531,Kloulklubed,7.0419,134.2556,2021-11-26 22:51:23,84.2,overcast clouds,77,93,20.62,PW
532,Crowley,30.2141,-92.3746,2021-11-26 22:51:23,57.27,broken clouds,57,83,7.56,US
533,De-Kastri,51.4667,140.7833,2021-11-26 22:51:23,19.2,overcast clouds,95,87,6.49,RU
534,Voh,-20.9667,164.7,2021-11-26 22:51:23,87.67,few clouds,53,16,2.84,NC
535,Zhangye,38.9342,100.4517,2021-11-26 22:51:24,31.59,clear sky,27,0,4.65,CN
536,Riyadh,24.6877,46.7219,2021-11-26 22:51:04,68.14,clear sky,37,0,4.23,SA
537,Kinna,57.5073,12.6946,2021-11-26 22:51:24,31.19,overcast clouds,84,93,9.91,SE
538,Kedougou,12.5579,-12.1743,2021-11-26 22:51:24,81.27,broken clouds,25,73,2.51,SN
539,Kumluca,36.3703,30.2869,2021-11-26 22:51:25,61.72,overcast clouds,84,96,0.94,TR
540,Cuamba,-14.8031,36.5372,2021-11-26 22:51:25,66.78,scattered clouds,83,25,8.03,MZ
541,Johi,26.6921,67.6133,2021-11-26 22:51:25,69.39,clear sky,18,1,6.31,PK
542,Kaili,-3.4626,120.2147,2021-11-26 22:51:25,67.15,overcast clouds,96,100,3.09,ID
543,Comodoro Rivadavia,-45.8667,-67.5,2021-11-26 22:51:26,58.86,clear sky,51,0,11.5,AR
544,Syracuse,37.0881,15.2792,2021-11-26 22:51:26,58.59,overcast clouds,66,100,9.53,IT
545,Gangapur,26.4833,76.7167,2021-11-26 22:51:26,63.64,clear sky,56,0,3.91,IN
546,Bismil,37.8486,40.6658,2021-11-26 22:51:27,46.13,broken clouds,85,70,1.63,TR
547,Beaverlodge,55.2166,-119.4361,2021-11-26 22:51:27,31.35,clear sky,56,2,15.82,CA
548,The Valley,18.217,-63.0578,2021-11-26 22:50:43,76.86,scattered clouds,94,40,10.36,AI
549,Asau,46.4333,26.4,2021-11-26 22:51:27,41.92,overcast clouds,93,100,5.97,RO
550,Cururupu,-1.8283,-44.8683,2021-11-26 22:51:28,76.12,broken clouds,89,83,3.44,BR
551,Shimoda,34.6667,138.95,2021-11-26 22:51:28,53.17,clear sky,53,0,18.32,JP
552,Quatre Cocos,-20.2078,57.7625,2021-11-26 22:51:28,73.51,clear sky,70,0,4.81,MU
553,Umba,66.6871,34.3429,2021-11-26 22:51:29,13.91,few clouds,91,23,8.95,RU
